레시피id,사진,요리,재료,조리법,카테고리,
1,,스팸 김밥,"스팸 1통
밥 2그릇
달걀 4개
맛소금
김밥용 김 2장","1. 밥에 참기름과 맛소금을 넣고 잘 버무려 주세요. 밥 두공기에, 맛소금 1/2 작은 스푼, 참기름 1 큰 스푼 이렇게 넣었는데, 맛을 보시면서 기호에 맞게 조절해 주시면 되겠습니다.
2. 달걀 4개에 맛소금을 한 소끔 넣어서 풀어 주세요.
3. 달걀을 팬에 구워 주세요.
4. 스팸을 4등분 하여 구워 주세요.
5. 스팸 통에 비닐을 깔고 밥을 깔아 주세요. 이때 밥을 너무 많이 넣으면 다른 재료들이 안들어가게 되니, 바닥이 보이지 않을 정도로 깔아 주시면 됩니다.
6. 잘라 놓은 달걀을 넣어 주세요.
7. 스팸을 그 위에 올려 주세요.
8. 맨 위에 또 다시 밥으로 덮어 주세요.
9. 비닐을 당겨 꺼낸 후 모양을 잡아 주세요.
10. 김 2장을 각각 2등분 해서 잘라 주세요.
11. 김으로 모양이 갖춰진 스팸 김밥을 싸주세요.
12. 스팸김밥을 1/2 등분 하여 접시에 예쁘게 놓아 주세요.","일식, 밥, 김밥, 분식, 돼지고기"
2,,떡볶이,"쌀떡 400g 
사각어묵 3장 
비엔나 소세지 3개 
삶은 달걀 2개 
대파 1대 
양파 1/2개 
라면 사리 
만두 2-3개 
떡볶이 소스 - 고추장 2숟갈 듬뿍 
고춧가루 2숟갈 
진간장 2숟갈 
설탕 1숟갈 
물엿 2숟갈 반 듬뿍 
맛술(미림) 1숟갈 
라면 스프 2/3숟갈
물 500ml ","1. 떡은 미리 찬물에 2-3번 헹군 다음에 이렇게 담가두세요. 다른 재료를 준비하는 동안, 담가두면 훨씬 쫄깃하게 즐길 수 있습니다. 
2. 떡볶이소스 중요한 부분이죠. 고추장, 고춧가루, 물엿, 진간장, 설탕, 맛술, 라면 스프 등을 넣어 휘리릭 섞어주세요.즉석떡볶이는 물론, 일반 떡볶이를 만들 때도 물엿은 쫜득한 단 맛을 내주기에 많이 활용됩니다. 라면 스프를 추가하면 좋습니다. 
3.  양념의 비율이 중요하니 평소 본인이 즐겨먹는 시판 고추장이나 물엿, 그리고 간장을 사용하세요. 양념의 경우 오늘 레시피에 거의 딱 맞아떨어지긴 했지만, 입맛에 따라 다를 수 있으니 한번에 다 넣지 말고, 넣어가면서 간을 맞추시는 걸 권장합니다:)
4. 라면 사리는 한 번에 하나를 모두 넣어주면 국물이 부족할 수도 있으니 일단 절반 정도만 넣어보세요. 
5. 소스와 함께 물을 부어 이제 보글보글 끓여 맛있게 즐기기만 하면 됩니다. 중강불에서 소스를 보글보글 끓여주시고, 다 익히지 말고, 약 80% 정도 익을 때 즈음해서 슬슬 먹을 준비를 해주시면 됩니다.
​6. 완성된 다음, 삶은 달걀 하나에 쪽파를 송송 썰어서 플레이팅해 주시면 됩니다. ","분식, 떡, 매콤",
3,,핫도그,"모닝빵 
프랑크소세지 2개
슬라이스 치즈 1장
양파 반개
양배추 채 적당히 
케첩 & 머스터드","1. 우선 양파는 얇게 썰어줍니다
2. 채썬 양파는 물에 담궈서 매운맛을 빼줍니다
3. 소시지를 끓는물에 3분 대친다
4. 빵을 반갈라서 열어주고 슬라이스 치즈 반으로 나눠서 하나씩 올리고 에어프라이어에 30초 돌려줍니다
5. 빵에 양배추 양파 양배추 넣어주고, 가운데에 소세지를 올립니다
6. 케찹 그리고 머스타드 두가지 소오스 뿌려줍니다
","양식, 간단, 샌드위치, 돼지고기",
4,,김치찌개,"돼지고기 삼겹살 300g
신김치 송송썰어 3컵 분량 (약 300g)
쌀뜨물 3컵~3.5컵
청양고추 1개 
홍고추 1/2개 
대파 1/2대 
양파 1/4개 
두부 1/2모 
고춧가루 1~1.5스푼
다진 마늘 1스푼
국간장 1스푼
새우젓 1스푼
설탕 0.2스푼","1. 오늘 육수는 쌀뜨물을 약 3~4컵 분량 준비해 둡니다. 쌀뜨물 대신 멸치육수를 활용하셔도 좋습니다 
2. 고기는 키친타월 위에 올려 물기, 핏물을 한번 흡수해 주고 그릇에 담아 후춧가루 약간 청주도 1스푼 정도 뿌려서 밑단을 해줍니다
3. 양파 1/4개 채 썰고 대파 1/2대 와 청양고추 1개, 홍고추 1/2개는 송송 썰어서 준비합니다
4. 청양고추와 홍고추 대파는 조금씩만 덜어서 그릇에 담아둡니다
5. 두부 1/2모는 먹기 좋게 썰어줍니다
6. 냄비에 고기를 넣고, 쌀뜨물 3컵 분량 붓고 끓입니다김치나 고기의 양에 따라서 육수 양은 달라질 수 있습니다 
7. 새우젓 1스푼도 바로 넣어 잘 풀어줍니다
8. 센 불로 올려 국물이 끓기 시작하면 불을 조금 줄이고 고기에서 지방이 우러나오도록 약 15분 정도 폭폭 끓여줍니다 
9. 이어서 김치 썬 것을 모두 넣고 국간장 1스푼도 함께 넣습니다
10. 이어서 고춧가루 1.5스푼과 다진 마늘 1스푼, 설탕 0.2스푼을 넣고 잘 저어 줍니다
11. 양파 썬 것을 모두 넣고 중약 불로 10분 정도 더 끓여줍니다
12. 마지막으로 두부와 고추 썬 것, 대파를 넣고 약 5분 정도만 더 끓여줍니다","한식, 매콤, 고기, 국, 김치, 돼지고기",
5,,김치말이국수,"소면 100g 
잘익은 김치 80g 
삶은 계란 1개 
오이 1/6개
김치국물 80ml 
냉면육수 1팩(약 300ml) 
식초 0.5~1큰술(선택사항)
김치 양념 
설탕 0.3큰술
참기름 1큰술 
통깨 
얼음 ","1. 김치는 신걸로 준비해야 맛있습니다 양념을 털어내고 잘게 썰어주세요 설탕 0.3큰술, 참기름 1큰술을 넣고 조물조물 버무려 밑간해 주세요 
2. 차가운 육수는 꺼내서 볼에 담고 김치국물도 모두 부어 주고, 식초 0.5큰술을 넣어주세요
3. 맛을 보고 입맛에 맞게 설탕, 식초로 조절해줍니다
4. 삶은 계란은 반으로 썰고, 고명용 오이는 채 썰어 준비해주세요
5. 냄비에 물을 1리터정도 넣고 물이 팔팔 끓으면 소면을 펼쳐 넣은 뒤 붙지 않도록 저어가며 끓이다가 끓어오르면 찬 물 반 컵을 넣고 다시 끓으면 찬 물 반 컵을 부어주고 3~4분 정도 삶아주세요
6. 흐르는 물에 면을 바락바락 비벼가며 헹궈 주세요
7. 그릇에 면을 말아 담고 양념한 김치도 얹고 삶은 계란 오이를 고명으로 올리고 육수를 부어주세요 ","한식, 매콤, 김치, 면, 분식",
6,,돈까스,"돼지고기 안심 약 120g
소금, 후추 적당량
계란 1개
감자전분 4큰술
식빵 2장 or 생빵가루 적당량
기타 곁들임 재료 적당량","1. 안심을 3~4cm정도 두께로 잘라줍니다
2. 잘라낸 안심의 모든 면에 소금과 후추를 톡톡 뿌려서 잠시 둡니다
3. 계란 1개에 감자전분 4큰술을 넣고 잘 섞어서 반죽을 만들어 놓습니다
4. 안심에 반죽을 잘 묻혀주고, 빵가루를 빵가루를 골고루 꼭꼭 묻혀줍니다
5. 기름을 예열합니다. 140도가 되면 돈까스를 4~5분간 튀겨주는데요 140도에서 170도 정도까지 서서히 올려주는 느낌으로 가열하면서 튀겨줍니다.
6. 잘 튀겨진 돈까스를 망에 올린 다음 3분 후에 반으로 잘라주면 됩니다","일식, 고기, 튀김, 돼지고기",
7,,김치잔치국수,"김치 1 컵, 소면 2 인분, 
애호박 1/2 개, 표고버섯 2 개, 
양파 1/2 개, 대파 1/2 대, 
깨 2 큰 술, 
멸치육수 1 리터, 
국간장 1 큰 술, 
굵은소금 적당량, 
다진 마늘 1 큰 술 
멸치육수(물 1.2 리터, 
다시팩 2 개, 양파 1/2 개, 
대파 푸른 부분 약간, 
소주 1/2 소주잔  )","1. 물과 육수 재료를 모두 넣고 센 불로 끓이시구요, 소주를 약간 넣어주시면 멸치 비린내 걱정은 싹 잡을수 있습니다
2. 재료들과 물을 모두 넣고 센 불로 끓이시다가 끓어오르면 중불로 줄이시고 뚜껑을 닫아서 30분간 푹 끓여주시면 멸치잔치국수 육수 완성입니다
3. 표고버섯은 너무 두껍지 않게 포를 떠서 채 썰어 주었구요, 애호박도 채를 썰어 준비합니다
4. 양파는 0.5cm 정도 두께로, 대파는 어슷 썰어 준비합니다
5. 김치는 1cm 정도로 썰어주고, 김치에 참기름 1 큰 술, 깨 1 작은 술에 버무려 주시고, 너무 신 김치라면 설탕을 1 작은 술 정도 넣어주시면 신맛을 살짝 잡을 수 있습니다
6. 물을 센 불로 팔팔 끓이시고 소면을 넣습니다, 끓어오르면 찬물 1/2 컵을 부어주세요
7. 세번째 끓어 오를때까지 끓이고, 잘 익은 소면은 찬물에 바락바락 씻어서 체에 밭쳐둡니다
8. 잔치국수 육수 1 리터를 냄비에 넣고 국간장 1 큰 술로 국물의 색을, 굵은소금으로 간을 맞춥니다
9. 국물이 끓어오르면 양파와 표고버섯, 다진 마늘 1 큰 술을 넣고 5분간 끓이다가 애호박과 대파를 넣고 끓입니다
10. 애호박과 대파를 넣고 끓이던 국물이 끓어오르면 채에 담은 면을 담가 토렴해서 면을 따뜻하게 만들어 그릇에 담아 주고, 다시 국물이 끓어오르면 그릇에 옮겨 담습니다
11. 양념한 김치와 깨를 듬뿍 얹고, 취향에 따라 김가루까지 얹어 주세요","한식, 매콤, 김치, 면, 분식",
8,,햄버거,"모닝빵 한봉지 ( 8개) 
혹은 마트 햄버거빵
토마토 상추 양파 마요네즈
체다치즈 ( 소고기패티 갯수만큼 )
소고기 600g
전분가루 1스푼
설탕 1스푼
생강가루 조금
다진마늘 1 작은스푼
맛술 1스푼
소금 1 작은스푼
후추
시판 바베큐소스 4큰술
간장 2큰술 
설탕 3큰술
다진마늘 1큰술
케찹 1~2큰술","1. 양파는 채썰어서 먼저 찬물에 담궈주세요
2. 소고기 핏기를 제거해주고, 그리고 넓은 볼에 넣어서 설탕, 생강가루, 넣고 조물조물 해주고,다진마늘 넣어주세요
3. 고기에 소금과 후추 넣어주고 마지막에 전분가루 1큰술~2큰술 정도 넣고 맛술을 넣어서 조물조물 치대주세요. 동그랗게 해서 모양을 만들었을 때 부셔지지만 않으면 되요
4. 패티를 만들기 위해서 고기를 동그랗게 굴려주고 난 다음에 납작하게 손바닥 위에서 펴고 가운데 부분을 손가락 등으로 눌러줍니다
5. 기름을 두르고 난 다음에 앞뒤 중강불에서 구워주다가 마지막에 센불에서 구워주고 위에 치즈를 올려줍니다
6. 빵을 살짝 구워낸 다음에 마요네즈를 발라줍니다, 그 위에 재료들을 올려줍니다
7. 소고기패티 만들기 한 것을 딱 올려주고 그 위에 바베큐소스를 취향에 맞게 뿌립니다

","양식, 고기, 샌드위치, 소고기",
9,,소불고기,"불고기용 소고기 200g,
느타리버섯 60g,
양파 50g,
쪽파 2대 20g,
당근 25g,
참기름 1큰술,
후추
소불고기 양념(진간장 3.5큰술,
맛술 2큰술,
설탕 1.7큰술,
다진 마늘 1큰술,
물 130ml)","1. 불고기용 소고기를 200g 준비해서 키친타올로 핏물을 닦아주세요
2. 고기에 진간장 3.5큰술, 설탕 1.7큰술, 맛술 2큰술 다진 마늘 1큰술을 넣어줍니다
3. 느타리버섯은 밑동을 손질한 후 하나씩 분리해 주고, 당근은 채 썰고, 쪽파는 2대 준비해서 4cm 길이로 잘라줍니다
4. 재워놓은 불고기를 볶음팬에 넣고 중강불에 불을 올리고 고기가 익은 색이 날 때까지 볶아줍니다
5. 촉촉함을 위해 물 130ml를 넣고 물이 끓어오를 때까지 뒤적이면서 볶아줍니다
6. 느타리버섯, 당근, 양파를 넣고 채소가 아삭하게 익을 때까지 볶아줍니다
7. 맛을 보고 간이 부족하면 간장을 추가해 주고 단맛은 설탕을 추가해서 넣어준 후 볶아주고 불을 꺼주세요
8. 참기름 1큰술을 넣고 후추를 뿌리고 뒤적여 줍니다","한식, 고기, 달콤, 소고기",
10,,대패육전,"대패삼겹살 100g,
달걀 2개,
참기름 0.4큰술,
소금 0.2큰술 정도,
부침가루 4~5큰술 정도
* 양파간초소스
양파 1/2개 80g,
진간장 3큰술,
설탕 2큰술,
식초 2큰술","1. 대패삼겹살은 요리하기 5분 전쯤에 실온에 내 놓아서 해동을 해줍니다. 녹으면서 동그랗게 말린 게 해동이 되어야 합니다
2. 달걀 2개를 그릇에 넣고 소금은 0.2큰술, 참기름은 0.4큰술 정도 넣습니다
3. 바트에 부침가루를 넉넉히 뿌려주고, 해동이 된 대패삼겹살에 앞뒤로 부침가루를 입혀주세요
4. 부침가루를 입힌 돼지고기를 달걀물에 담가줍니다
5. 포도씨유를 약간 두르고 팬이 예열되면 중불로 불을 줄이고 달걀물을 입힌 대패삼겹살을 올려줍니다
6. 뒤집어서 노릇하게 구워주면 대패삼겹살 요리 완성입니다
7. 파간장소스를 만들기 위해 양파를 얇게 채 썰어줍니다
8. 진간장 3큰술, 식초 2큰술, 황설탕 2큰술, 물3큰술을 넣고 채 썬 양파를 넣고 잘 섞어주면 완성입니다","한식, 전, 고기",
11,,투움바 파스타,"페투치네 85g,
냉동새우 8마리 65g,
베이컨 2줄 38g,
양파 40g, 마늘 15g,
쪽파 1대 10g,
파마산치즈 1큰술,
올리브오일 2큰술,
우유 200ml,
생크림 200ml,
소금, 후추
케찹 0.3큰술,
다진 마늘 0.3큰술,
고춧가루 0.3큰술
물 1리터,
굵은소금 10g,
올리브오일 0.4큰술","1. 냉동새우는 작은 걸로 8마리 65g 준비해서 물에 담가 해동한 후 채반에 담아 물기를 빼줍니다
2. 볼에 새우를 담고, 다진 마늘, 케찹, 고춧가루를 각각 0.3큰술씩 넣고뒤적여준 후 마리네이드 해줍니다
3. 베이컨은 2줄로 준비해서 1cm 길이로 잘라주고 마늘은 15g 2mm로 슬라이스 하고, 양파는 3mm로 채 썰고,쪽파는 1대 준비해서 종종 썰어줍니다
4. 면을 삶기 위해서 물 1리터와 굵은소금 10g을 놓고 물을 끓입니다
5. 물이 끓어오르면 페투치네를 넣고 올리브오일을 0.4큰술 정도 넣고 가끔씩 저어주면서 끓여줍니다
6. 파스타 면 삶는 시간은 봉지 뒷면에 적혀있는 시간보다 1~2분간 적게 삶아줍니다
7. 슬라이스 한 마늘, 양파, 올리브오일 2큰술을 넣고 양파에 오일의 향이 입혀질 정도로 잠시 볶아줍니다
8. 베이컨과 새우를 넣고 새우가 구부러질 때까지 볶아주었어요
9. 소금 2꼬집과 후추도 톡톡톡 뿌려준 후 뒤적여주고 우유 200ml, 생크림 200ml를 넣고 센불에 불을 올려줍니다
10. 파마산 치즈 1큰술,  쪽파는 1대 중에  2/3 정도만 넣습니다
11. 소금을 약간 넣고 간을 해주고 중불로 줄여서 3분간 끓여줍니다
12. 면만 건져서 소스에 넣고 중불에서 1~2분 정도 맛이 어우러질 수 있도록 뒤적이면서 볶아줍니다
13. 남은 쪽파를 넣고 뒤적이면 완성입니다","양식, 면, 파스타, 해물",
12,,비소캐,"비엔나소세지 150g,
양파 55g,
빨간 파프리카 1/4개 30g,
노란 파프리카 1/4개 25g,
피망 1/2개 30g,
케찹 2큰술,
굴소스 0.5큰술,
올리고당 1큰술,
포도씨유 2.5큰술,
통깨
뜨거운 물 300ml 정도","1. 소시지에 칼집을 내줍니다
2. 칼집을 낸 쏘세지를 그릇에 담고 소시지가 잠길 정도의 뜨거운 물을 부어줍니다. 재료를 준비하는 동안 넣어놓습니다
3. 야채는 양파, 피망, 파프리카를 준비했어요. 모두 한 입 크기로 동일한 사이즈로 썰어줍니다
4. 케찹 2큰술, 올리고당 1큰술, 굴소스 0.5큰술을 넣습니다
5. 볶음팬에 소세지와 포도씨유 2.5큰술을 넣고 중강불에 불을 올리고 소시지에 오일이 코팅되고칼집 모양이 날 때까지 뒤적이면서 볶아줍니다
6. 그 다음엔 준비한 양파, 피망, 파프리카를 넣고 아삭할 정도로 볶아줍니다
7. 만들어 놓은 소스를 넣고 양념이 재료에 어우러질 수 있도록 볶아줍니다
","한식, 고기, 달콤, 돼지고기",
13,,고구마 맛탕,"밤고구마 3개 480g
→ 손질 후 380g,
올리브오일 1큰술,
검은깨,
키친타올
* 고구마 맛탕 올리고당 시럽
포도씨유 2큰술,
황설탕 3큰술,
올리고당 2큰술,
소금 약간","1. 흐르는 물에 손으로 쓱쓱 문질러서 세척한 후 필러로 껍질을 벗겨주고, 흐르는 물에 행궈줍니다
2. 양쪽 끝부분을 살짝 잘라주고 길게 1/2등분 한 후 뾰족하게 한 입 크기로 잘라줍니다
3. 커팅한 후에는 볼에 담아주고 볼에 고구마가 잠길 정도의 물을 넣고 손으로 뒤적여주면 뿌연 고구마 전분이 나옵니다
4. 맑은 물이 나올 때까지 3~4차례 헹궈준 후 15분 정도 담가 놓아서 전분기를 없애줍니다
5. 채반에 담아 물기를 빼주고 키친타올로 하나씩 물기를 제거합니다
6. 비닐봉지에 물기를 제거한 고구마를 넣고 올리브오일 1큰술을 넣은 후 봉지 입구를 잡고 흔들어서 오일을 입혀줍니다
7. 에어프라이어에 오일을 입힌 고구마를 넣고 180도로 17분간 작동시켜 줍니다
8. 종이호일에 넓게 펼쳐서 10분간 식혀줍니다
9. 포도씨유 2큰술, 황설탕 3큰술, 소금 약간, 올리고당 2큰술넣고 숟가락으로 잘 섞어주고 중불로 맞춰줍니다
10. 열이 가해지면 보글보글 거품이 생기는데, 중간에 저으면 결정화가 되어 딱딱하게 되니 시럽이 다 녹을 때까지 기다려줍니다
11. 식힌 고구마를 넣고 중약불로 불을 줄이고 숟가락으로 뒤적여서 시럽을 입혀줍니다
12. 전체적으로 시럽이 입혀졌으면 굳기 전에 검은깨를 뿌려서  마무리 하면 됩니다","한식, 달콤, 튀김",
14,,프렌치 토스트,"식빵 2장,
달걀 2개,
우유 50ml,
소금 약간,
계핏가루 약간,
설탕 0.8큰술,
버터 20g,
슈가파우더 (옵션)","1. 식빵을 도마에 올리고 사선으로 1/2등분 해서 삼각형 모양으로 잘라줍니다
2. 바트에 달걀 2개를 깨서 넣어주고 우유 50ml, 간을 위한 소금을 약간 넣어주고 설탕 0.8큰술, 계핏가루는 취향껏 뿌려줍니다
3. 숟가락으로 달걀을 풀어주고 설탕과 소금을 녹여줍니다
4. 식빵을 달걀물에 담가주고, 뒤집어서도 달걀물이 흡수될 수 있도록 해줍니다
5. 버터 10g을 넣고 중불에 불을 올리고 버터가 녹으면 식빵을 올리고 중불에서 식빵이 노릇할 구워질 정도로 구워주면 되고, 바닥면에 노릇해졌으면 뒤집어서 토스트 해 줍니다
6. 앞뒤로 노릇하게 구워주면 완성입니다. 슈가파우더는 옵션으로 뿌려주면 됩니다","양식, 간단, 샌드위치",
15,,김치볶음밥,"밥 1공기 210g,
캔참치 150g 1/2캔,
대파 25g,
깍두기 75g,
진간장 1큰술,
올리브오일 3큰술,
고춧가루 0.6큰술, 
설탕 0.35큰술,
계란 1개,
포도씨유,
파슬리가루, 통깨","1. 참치 기름이 있으면 밥이 질어질 수 있으니 기름은 따라내고 참치만 빈캔 준비해 줍니다
2. 파기름을 내주기 위해 대파는 25g 준비해서 송송 썰어 줍니다
3. 깍두기는 가위로 잘게 썰어줍니다
4. 대파와 올리브오일 3큰술을 넣고 중강불에 불을 올리고  파기름을 내줍니다
5. 참치를 넣고 고슬고슬할 정도로 볶아주고, 잘게 썰어준 깍두기를 넣고, 설탕 0.35큰술, 고춧가루 0.6큰술을 넣고, 깍두기가 아삭할 정도로 볶아줍니다,
6. 볶아 놓았던 재료를 한쪽으로 밀어 놓고 진간장 1큰술을 넣고 간장을 날려준 후 1/3 정도만 남겨 놓아줍니다
7. 볶아놓았던 재료와 간장을 쓱쓱 섞어주고, 밥 1공기 분량을 넣고 밥알이 뭉친 곳이 없도록 잘 풀어줍니다
8. 밥알을 잘 풀어준 후, 부족한 간은 소금을 살짝 더해서 맞춰줍니다
9. 밥공기에 밥을 담은 후 접시에 올려줍니다
10. 포도씨유를 두른 후 중강불에 불을 올리고, 계란후라이 반숙을 만들어 주고 불을 꺼줍니다
11. 밥 위에 계란후라이 반숙을 올리고 통깨와 파슬리가루를 뿌려주면 완성입니다","한식, 김치, 밥, 매콤",
16,,옥수수 콘치즈,"스위트콘 2/3캔 
수분 제거 후 210g,
당근 25g, 양파 30g,
가염버터 15g,
비엔나소시지 6개 48g,
마요네즈 1큰술,
설탕 1큰술,
모짜렐라치즈 50g,
파슬리가루","1. 스위트콘은 캔에서 꺼내서 채반에 담아 물에 헹궈주고 물기를 빼줍니다
2. 양파와 당근은 옥수수알 크기로 잘라주고 비엔나 소시지는 동그란 모양을 살려 3mm 정도로 슬라이스 합니다
3. 가염버터 15g을 넣고 중불에 불을 올리고 옥수수, 소시지, 양파, 당근을 팬에 넣어주면 되는데 소시지는 10~12개 정도 소량으로 남겨 놓고 넣어 줍니다
4. 마요네즈 1큰술, 설탕 1큰술을 넣고, 중강불로 불을 올리고 당근이 아삭하게 익을 정도까지 뒤적이면서 볶아줍니다
5. 익었으면 콘치즈 팬에 옮겨 담고 모짜렐라 치즈를 올려준 후 그 위에 남겨 놓았던 소세지를 토핑으로 올려줍니다
6. 뚜껑을 덮고 중불로 줄여서 모짜렐라치즈를 녹여주고, 3분간 익혀줍니다
7. 치즈가 녹은 후 뚜껑을 열어서 파슬리가루를 톡톡 뿌줍니다","양식, 치즈",
17,,순두부 열라면,"열라면 1봉,
순두부 0.5봉 200g,
냉동새우 2마리 45g,
양파 25g, 대파 25g,
포도씨유 1큰술,
고명용 쪽파, 후추,
물 600ml","1. 열라면을 1개 준비해서 면과 스프를 모두 꺼내 놓고, 순두부는 1/2봉 준비해서 1cm 두께로 슬라이스 합니다
2. 양파는 채 썰고 대파는 4등분으로 칼집을 내서 종종 썰어줍니다
3. 대파, 양파, 포도씨유를 1큰술 넣고, 분말스프 1개 중에 반개만 넣고, 중강불에 불을 올리고, 색이 날 때까지 볶아줍니다
4. 물 600ml를 넣고 남은 분말스프와 건더기 스프는 모두 넣고 물이 끓어오르면 라면을 넣고 3분 30초동안 삶아줍니다
5. 새우를 넣고 뒤적여주고1분 정도 남았을 때 순두부를 반만 넣고 끓여줍니다
6. 그릇에 담고 끓인 면을 모두 넣고 남은 순두부를 모두 올린 후 쪽파를 올려주고 후추를 톡톡톡 뿌려주면 완성입니다","한식, 라면, 분식, 면, 매콤",
18,,감바스,"칵테일새우(大)사이즈 10마리+
통마늘 15개, 양송이버섯 4개,
방울토마토 6개, 베트남고추 5개,
올리브유 1컵,
맛소금 1/5숟가락(소금 대체),
후추가루, 파슬리가루,
바게트빵이나 식빵
새우 밑간 추가 : 소금, 후추, 청주 1숟가락","1. 칵테일새우는 냉장실에 넣어 해동하거나 실온에 미리 꺼내 두어 해동을 시켜주고 흐르는 물에 씻어 세척을 합니다
2. 소금 약간, 후추 톡톡, 청주 1숟가락 넣어 새우를 밑간을 해줍니다
3. 통마늘 15개는 반으로 잘라주고 방울토마토 6개는 반으로 잘라줍니다
4. 양송이버섯 4개는 껍질을 벗겨낸 후 씻어서 4등분으로 잘라줍니다
5. 식빵이나 바게트빵은 구워서 곁들여주면 되는데 달군 팬에 버터를 두르고 앞뒤 노릇하게 익혀줍니다
6. 팬에 올리브유 1컵 넣어 중불로 끓여주다가 편마늘을 넣어 중불보다 약하게 중약불로 끓여주다가 베트남고추 5개는 반 잘라서 넣어주고 소금 약간 넣어서 간을 해줍니다. 
7. 편마늘이 갈색으로 노릇해질 때 밑간한 새우, 양송이버섯, 방울토마토를 넣어  새우가 익을 때까지 중불로 끓여줍니다
8. 새우가 다 익으면 후추 톡톡, 파슬리가루를 뿌려주면 완성입니다","양식, 새우, 빵, 해산물",
19,,계란 볶음밥,"밥 1공기 210g,
대파 25g,
포도씨유 3큰술,
계란 2개,
진간장 1큰술,
굴소스 0.4~0.5큰술,
무순 (옵션), 통깨","1. 대파는 종종 썰어서 3큰술 정도 준비하고 달걀 2개, 진간장 1큰술, 굴소스 0.4큰술 준비합니다
2. 대파와 포도씨유 3큰술을 넣고 중강불에 불을 올리고 대파의 향이 구수하게 올라올 때까지 볶아서 파기름을 내줍니다
3. 파기름을 내준 후에 대파를 한쪽으로 밀어 올리고 계란 2개를 풀어서 스크램블에그를 만들어 주고, 달걀이 70% 정도 익었을 때 불을 줄이고 여열로 익혀줍니다
4. 달걀을 대파가 있는 곳으로 옮겨 놓고 진간장 1큰술을 넣고 불맛을 더합니다
5. 중강불에서 진간장이 1/3 정도 남아 있을 때까지 간장의 수분을 날려줍니다
6. 간장에 달걀과 대파를 쓱쓱 닦아내듯이 불맛을 달걀에 입혀주고 잠시 불을 꺼줍니다
7. 밥을 풀어주는 시간이 걸리니 그 동안은 불을 일시정지해 주셔야  타지 않습니다
8. 숟가락 2개를 이용해서 골고루 풀어주고 불을 올려서 계란과 섞어줍니다
9. 굴소스 0.4~0.5큰술을 넣고  섞어준 후, 통깨를 뿌려줍니다","중식, 밥, 계란",
20,,크림 스파게티,"파스타 80g,
양파 60g,
베이컨 3줄 50g,
마늘 20g,
우유 150ml,
생크림 150ml,
면수 30~50ml,
올리브오일 2큰술,
파마산치즈 1큰술,
소금, 후추
물 1리터,
올리브오일 0.5큰술,
굵은소금 0.65큰술 정도","1. 양파는 3mm 정도로 채 썰고 통마늘은 20g 준비해서 2~3mm로 슬라이스, 베이컨은 3줄 50g 준비해서 1cm 두께로 썰어주기
2. 물 1리터, 굵은소금 0.65큰술 올리브오일 0.5큰술을 넣고  센불에 불을 올려주세요.
3. 물이 끓어오르면 면을 펼쳐서 넣고 센불로 6~7분간 삶아주면 되세요.
4. 파스타 면 삶기가 끝나면 채반에 건져주고, 면수를 50ml 정도 따라서 놓아주세요.
5. 슬라이스 한 마늘, 양파, 올리브오일 2큰술을 넣고 중강불에 불을 올리고 양파가 투명해질 때까지 볶아주고 볶아준 후에는 소금 2~3꼬집을 넣고 뒤적여주세요.
6. 베이컨을 넣고 색이 진해지면서 올리브오일이 입혀질 정도로 볶아주고요 우유 150ml, 생크림 150ml를 넣어주세요
7. 센불에 불을 올리고 끓어오르면 파마산치즈 1큰술을 넣고 중불로 줄여서 3~4분간  소스의 맛이 우러날 때까지 저어주면서 끓여주세요
8. 시간이 경과한 후 맛을 보고 부족한 간은 소금을 더해서 간을 맞춰주고 후추를 톡톡톡 뿌려주세요
9. 삶은 스파게티면을 넣고 소스의 맛이 입혀질 수 있도록 중강불로 1~2분 정도 뒤적이면서 볶아주면 되는데요. 볶아주면서 크림스파게티 소스가 부족하면 면수를 30~50ml 정도 넣고 뒤적여주면 되요","양식, 파스타, 면, 해산물",
21,,육회,"한우 우둔살 600g,
마늘 3개,
배 1/2개,
달걀 노른자, 
통깨
참깨 1큰술,
참기름 3큰술,
물엿 3큰술,
고추장 1큰술","1. 통깨는 1큰술 준비해서 미니 절구에 곱게 갈아서 준비해 주세요.
2. 마늘 3개를 다져서 미리 준비해 주고 그릇에 깨소금 1큰술을 넣고 참기름 3큰술, 물엿 3큰술,  고추장은 넉넉히 1큰술 넣어주세요
3. 다진 마늘을 넣고 고추장이 잘 풀어질 수 있도록 섞어줍니다
4. 배는 1/2개 준비해서 껍질을 벗기고 씨 부분을 손질한 후 3~4mm 정도로 채 썰어요
5. 냉장고에 있는 소고기를 꺼내서 핏물을 닦아 줘요. 
6. 핏물을 제거한 고기를 볼에 담고 양념장을 넣은 후 버무려 주어요
7. 접시에 배를 올리고 고기를 동그랗게 모양을 만들어서 올리고 달걀 노른자를 올린 후 통깨를 솔솔 뿌려주면 완성","한식, 고기, 달콤, 회, 소고기",
22,,돼지고기 카레,"고형카레 2조각,
돼지고기 다짐육 120g,
양파 大 1개 230g,
감자 中 1개 105g,
당근 50g,
물 450ml,
소금, 후추, 밥, 
포도씨유 3큰술,
파슬리가루 (옵션)","1. 양파는 大 사이즈로 준비해서 껍질을 벗겨낸 후 헹궈주고 3mm 두께로 채 썰었어요
2. 감자는 중간 사이즈로 1개 준비해서 필러로 껍질을 벗겨낸 후 물에 헹궈주고 3~4mm로 채 썰고, 당근도 3mm로 채 썰었어요.
3. 볶음팬에 양파, 포도씨유 3큰술,  중강불에 불을 올리고 양파를 볶아주세요.
4. 양파가 옅은 캐러멜색이 될 때까지 볶아주면 되는데요 양파가 타지 않도록  중불과 중강불에서 볶아주면 되는데  8분간 볶아주었습니다.
5. 볶은 양파 위에 돼지고기 다짐육, 감자, 당근을 투하 고기가 금방 익을 수 있는 걸로 넣어주면 더 쉽게 요리할 수 있어요
6. 고기가 익은 색으로 변할 때까지 볶아주고 후추를 톡톡톡 뿌려준 후 잘 섞어주었어요
7. 물 450ml를 넣고  센불에 불을 올리고 끓어오르면 중불로 줄여서 국물이 옅은 캐러멜색이 될 때까지 끓여주면 되요.
8. 고체카레 2개를 넣고 중불로 줄인 후 카레가 잘 풀어질 수 있도록 저어주면서 끓여주세요
9. 그릇에 담고 밥을 올려주고, 위에 파슬리가루도 뿌려줍니다","일식, 밥, 고기, 돼지고기",
23,,팟타이,"팟타이용 쌀국수 120g~140g
숙주 170g
양파 1/4개
마늘쫑 2개
대파 흰 부분 살짝
레몬 1/5개
흰 다리 새우 6~8마리
계란 1개 
다진 마늘 1티스푼
베트남 고추 2~3개
멸치 액젓 1.5스푼
간장 5스푼
설탕 2스푼
토마토케첩 1스푼
고춧가루 1/3스푼
굴 소스 1스푼","1. 우선 쌀국수 면을 물에 담가서 불려주세요 대략 1시간 정도 불려주시면 충분합니다
2. 양파는 슬라이스 마늘쫑도 야채 필러를 이용해 길고 얇게 손질해 줍니다
3. 대파는 흰 부분만 빼서 찹 또는 작게 다져주세요
​4. 멸치 액젓과 간장, 설탕, 토마토케첩, 굴 소스, 고춧가루를 넣고 양념을 만들어줍니다.
5. 우선 다진 마늘과 다진대파 그리고 베트남 고추를 넣고 기름에 익혀줍니다
6. 어느 정도 익히고 양파를 넣어 살짝 투명해질 정도까지 익혀줍니다.
7. 새우와 소금을 넣고 겉 부분이 살짝 익을 때까지 익혀주세요
8. 쌀국수 면의 수분을 가능한 제거해 주시고 소스와 같이 팬에 넣어 젓가락으로 풀어주면서 볶아주세요
9. 면에 소스가 충분히 흡수되면 마늘쫑을 넣어주세요
10. 팟타이를 한쪽에 몰고, 빈자리에 계란을 풀어 젓가락으로 휘저어 스크램블드 에그를 만들어줍니다, 약불에 부드러운 스크램블드 에그를 만들고 빠르게 쌀국수에 코팅해 주시면 됩니다
11. 막판에 숙주와 목이버섯을 넣고 익혀줍니다, 너무 오랜 시간 익히면 안 되고, 숙주가 살짝 숨이 죽을 정도까지만 익혀주세요
12. 마지막에 레몬즙을 살짝 넣어주면 더 좋습니다. 접시에 올리고, 오일 살짝과 필자는 깨로 마무리합니다
","아시아, 면, 해산물, 이색",
24,,오코노미야키,"양배추 140g
부침가루 2스푼
물 2스푼
(튀김가루나 밀가루, 쌀가루 사용 가능)
계란 1개
새우 50~100g
현미유 조금
가쓰오부시 조금
간장 반 스푼
쌀올리고당 반 스푼
케첩 반 스푼","1.먼저 양배추 140g은 채 썰어 깨끗하게 씻어주세요. 저는 과일야채 세정제로 씻어줬어요. 양배추는 깨끗하게 씻어주는 게 중요하답니다
2. 부침가루 2스푼과 물 2스푼을 넣어주세요.
3. 계란 1개도 넣어줍니다
4. 새우는 찬물에 담가 해동 겸 짠 기를 빼줍니다. 물에 여러 번 씻어주세요. 그리고 새우도 반죽에 넣어서 잘 섞어줍니다.
5. 프라이팬에 현미유를 두르고 노릇노릇하게 구워줍니다. 꾹꾹 눌러가면서 구워주세요
6. 간장 반 스푼과 쌀올리고당 반 스푼, 케첩 반 스푼을 넣고 잘 섞어주세요
7. 잘 구워진 양배추 전 위에 소스를 발라줍니다 마요네즈도 함께 뿌려주시면 돼요
8. 소스 위로 가쓰오부시도 올려주면 완성입니다","일식, 전",
25,,연어초밥,"밥 1공기
연어 12조각
와사비 (취향껏)
양파, 새싹 약간씩
초밥 단촛물 재료
식초 2T
설탕 1T
소금 1/2T","1. 메인 재료인 연어는 생연어로 준비하신 다음 400g 기준 소금 1T 정도를 앞뒷면에 골고루 뿌려서 발라주시고 랩으로 싼 후 냉장고에 30분 가량 넣어두어서 저온숙성을 해주시면 연어살이 탱글탱글해져서 식감이 훨씬 좋아진답니다
2. 양파는 얇게 채 썬 다음 물에 10분 정도 담가두어서 디알릴설파이드 성분을 제거하여 매운맛이 나지 않도록 해주세요
3. 물에 10분 정도 담가두었던 양파를 건져낸 다음 체로 밭쳐서 물기를 제거해 주시고 어린잎새싹은 소독을 위해 식초물에 5분 가량 담가두었다가 꺼내서 흐르는 물로 깨끗하게 세척해 주시기 바랍니다
4. 적당한 크기의 그릇을 준비하신 다음 식초 2T, 설탕 1T, 소금 1/2T를 함께 넣고 골고루 섞어서 초밥용 단촛물을 만들어 주세요.
5. 밥과 만들어둔 단촛물을 섞어주신 다음 한 덩어리씩 뭉쳐주시면 되는데요 밥 1덩어리의 무게가 13~15g로 해줍니다
6. 각각의 밥에 와사비를 취향껏 발라주신 다음 연어를 하나씩 올려주시면 됩니다. 앞서 저온숙성을 진행한 연어를 흐르는 물로 소금기를 씻어내고 초밥에 적당한 크기가 되도록 약간 도톰한 두께로 잘라서 사용해 주세요.
7. 매운맛을 제거한 양파와 깨끗이 세척해둔 어린잎새싹을 조금씩 올려서 마무리 해주세요
​","일식, 초밥, 회",
26,,물회,"생선회 적당량 (광어 150g, 돔 150g), 
자숙문어 150g, 
전복 3 마리, 
소면 1~2 인분, 
갈아만든 배 2 캔, 냉면육수 1 봉지, 
배 2/3 개, 
오이 1 개, 양파 小 1/2 개, 
깻잎 15 장, 고추 1~2 개
설탕 5 큰 술, 고춧가루 2 큰 술, 
2배 식초 7 큰 술, 매실청 4 큰 술, 
다진 마늘 2 큰 술, 고추장 8 큰 술,
멸치 액젓 1 작은 술, 깨 적당량  ","1. 갈아만든배와 냉면육수를 냉동이 가능한 용기에 담고 설탕 5 큰 술, 고춧가루 2 큰 술, 2배 식초 7 큰 술, 매실청 4 큰 술, 다진 마늘 2 큰 술, 고추장 8 큰 술, 멸치 액젓 1 작은 술, 깨 적당량을 고루 잘 섞어 물회 육수를 만들고 이 상태로 냉동실에 1 시간 정도 육수를 냉동해 주시면서 중간중간 한 번씩 흔들어 주시면 살짝 살얼음이 있는 물회 육수를 만드실 수 있습니다
2. 오이는 소금을 손에 쥐고 문질러 씻어 주시구요, 무순은 찬물에 담가 싱싱함을 살리시고, 깻잎은 식초 1 큰 술을 풀어둔 물에 10분 정도 담갔다가 양면을 손으로 문질러 깨끗이 세척합니다. 
3. 솔을 이용해 전복의 구석구석을 문질러 주시구요, 전복의 껍데기가 살짝 잠길 정도의 물을 팔팔 끓여서 물이 끓어오르면 전복을 패각 쪽으로 10초 정도만 담갔다가 빼 주시면 전복 패각과 전복이 힘들이 지 않고 아주 쉽게 분리가 됩니다
4. 장이 터지지 않도록 점막의 한 쪽을 잡고 쭉~ 당겨주시면 내장까지 딸려 나오고요, 입술 부분까지 잘라 정리해 주시면, 전복 손질 완료입니다
5. 물을 끓여 물이 끓어오르면 소면을 넣고 끓어오를 때마다 찬물 1/2 컵을 부어주세요, 세 번째 끓어오르면 소면이 다 익은 것이니 찬물에 바락바락 씻고 씻으면서 사리까지 지어 주시면 좋아요
6. 바닥에는 회의 자투리 부분 같은 덜 예쁜 부분을 깔아 주었구요, 배는 채 썰고 오이도 돌려 깎기 후 채를 썰어서  역시 채 썬 양파, 깻잎과 함께 돌려 담았습니다. 여기에 회와 전복을 보기 좋게 담으시고 무순도 얹어 주세요. 
7. 그리고 고추는 송송 썰어서 가장 위에 얹어 주시구요, 국물을 부어서 내셔도, 식탁에서 부어주셔도 좋습니다
","회, 한식, 매콤",
27,,탕수육,"돼지고기 등심 300g
감자 전분 350g
양파 1/4개
당근 1/4개
건목이버섯 3~4개
그린 빈 8~12알
레몬 1/3개
간장 2스푼
설탕 9스푼
식초 7스푼
물 종이컵 5~6번","1. 일단 적당한 사이즈의 볼에 전분 350g과 전분이 잠길 정도의 물을 넣어주세요. 이 상태로 30분 둡니다
2. 분을 함유한 전분은 진흙 같은 텍스처를 가지며, 위에 떠다니는 불필요한 수분은 그냥 흘려보내주시면 됩니다
3. 탕수육 소스에 들어가는 재료를 준비해 줍니다. 양파는 4분의 1로 썰어서 슬라이스했고, 당근은 편 썰기로 준비합니다
4. 건조된 목이버섯은 물에 20분 정도 불려줍니다
5. 돼지고기를 먹기 좋은 사이즈로 썰어줍니다. 가능한 돼지고기 결 반대편으로 썰어주세요. 이렇게 썰어둔 돼지고기에 후추와 소금으로 간을 잡아주세요
6. 다음으로는 작은 볼에 돼지고기와 준비한 전분 앙금을 넣어 반죽해 주세요
7. 수분은 가능한 없어야 하며, 반죽이 구석구석 묻어있으며, 덩어리질 수 있게 반죽해 줍니다
8. 남은 전분 앙금은 탕수육 소스의 점도를 잡아주기 위해 필요한 물 전분을 만들어줍니다.
9. 기름을 준비하시고 170도까지 온도를 올려주세요, 탕수육은 2번 튀길 것이기 때문에 옆에 기름이 떨어진 그릇과 거름망 그리고 키친 페이퍼를 깔아 준비해 줍니다
10. 기름이 원하던 온도에 도달하면, 탕수육 반죽을 손으로 모양을 잡아서 넣어줍니다, 겉 부분에 살짝 갈색으로 바뀔 정도까지 익혀줍니다.
11. 한번 탕수육을 뺀 다음에 국자나 주걱으로 살살 치는 듯이 눌러줍니다
12. 그 와중에 소스를 바로 만들어줍니다. 간장, 설탕, 식초, 물, 레몬을 넣고 끓여줍니다.맛을 한 번 보고, 기침이 나올 정도로 신맛이 올라오면서 살짝 달다 싶을 정도로 식초, 설탕을 넣어 맛을 조절해 주세요.
12. 당근, 양파, 그린 빈, 목이버섯 등을 넣고 살짝 끓인 뒤 물 전분을 넣어 점도를 조절해 주세요
13. 이어서 튀겨뒀던 탕수육을 한 번 더 튀깁니다, 거름망에 잠시 기름을 빼줬다가 그릇에 옮겨주세요
​","중식, 튀김, 달콤, 고기, 돼지고기",
28,,멘보샤,"식빵 5개
새우 350g
밀가루 or 전분 2스푼
소금3꼬집
올리브오일 or 식물성 오일
튀김용 많은 기름","1. 우선 식빵을 손질해 주세요! 식빵 하나를 십자로 4등분 하면 충분할 거예요~! 그럼 식빵 하나당 멘보샤  2개가 나옵니다
2. 위에 사진처럼 겉면에 갈색 부분도 잘라주시고, 네모 모양으로 썰어주세요
3. 이제 새우를 다져줍니다. 만약 새우의 통통한 식감이 싫으신 분들은 많이 다져주세요
4. 그 후 다져둔 새우에 3꼬집 정도 소금 간 살짝 해주세요
5. 그리고 전분 또는 밀가루 2스푼 정도와 올리브오일 3바퀴 둘러서 새우 반죽을 만들어줬습니다
6. 이제 만든 새우 반죽을 식빵 위에 올려주세요! 동글동글하게 만들어서 올려주시면 됩니다, 그리고 그 위에 다른 식빵을 또 올려 마치 샌드위치 모양처럼 만들어주세요
7. 기름의 온도는 대략 60도 정도로 10분 정도 튀겨줬습니다, 그리고 키친 페이퍼에 올려 기름을 빼고 드시면 됩니다","중식, 튀김, 해물",
29,,현미 도넛,"통밀가루 70g
현미가루 30g
아몬드가루 10g
베이킹파우더 3g
아몬드유 150g,
식물성 오일 50g, 
코코넛슈가 또는 머스코바도 60g , 
레몬즙 10g","1. 먼저 아몬드유와 식물성 오일을 섞어주어요 식물성 오일은 현미유 , 포도씨유 , 카놀라유 모두 사용가능해요
2. 코코넛 슈가를 넣고 손거품기로 계속 저어주세요, 레몬즙을 넣어주세요 
3. 체에 내린 가루류를 넣고 손거품기로 매끈하게 저어주세요, 반죽이 묽어서 짤주머니를 이용하면 편리해요
4. 틀에 나누어 팬닝해요 
5. 180도 예열한 오븐에 18분 구워주세요, 틀에서 분리한 뒤 충분히 식혀주세요","빵, 양식, 간단",
30,,감자전,"껍질 벗긴 감자 470g 정도 
슬라이스 햄 3장 
전분가루 2숟갈 
파마산치즈 분말 2숟갈 
후추 톡톡 ","1. 우선, 껍질을 벗긴 감자를 채 썰어주시면 되는데요, 아주 얇게 썰어주세요
2. 메인 재료인 감자와 함께 슬라이스 햄을 몇 장 정도 채 썰어주면 맛과 함께 밑간이 딱 잡히게 됩니다
3. 볼에 채 썬 감자와 슬라이스 햄을 넣고, 일단 가볍게 쉐킷쉐킷 섞어주세요
4. 전분가루를 약 2숟갈 정도 넣어주시고, 파마산치즈 분말과 후추를 톡톡 뿌려줍니다.
5. 팬에 식용유를 적당히 두르고, 반죽을 얇게 가장자리까지 펴주세요
6. 뒤집을 때 찢어지는 걸 최대한 막아준다고 한다면 일단 가장자리 부분에 여백이 없는 게 유리합니다
7. 한쪽만 타는 걸 방지하기 위해 팬을 수시로 흔들어 주시고, 반죽이 함께 뭉쳐서 움직이면 뒤집을 타이밍을 잡아주세요
8. 마무리로 달걀 후라이 하나 딱 부쳐서 파슬리 가루를 솔솔 뿌려보세요","한식, 전, 이색",
31,,피시엔칩스,"대구 400~500g
감자 큰것 1개 ( 약 250~300g) 
튀김용 식용유 넉넉하게
곁들임용 타르타르 소스 
(간단 타르타르 : 마요네즈 5큰술+다진 피클 3큰술)
튀김옷
밀가루 1/2컵 (125ml, 중력분 또는 박력분, 또는 튀김가루
소금, 후추
올리브오일 1작은술
맥주 1/2컵 (125ml, 또는 탄산수)
달걀 1개분의 흰자","1. 분량의 재료로 튀김옷을 만든 후 냉장고에 넣어 둔다.
2. 대구의 크기에 따라 2~3입 크기로 토막친 후 소금, 후추를 살짝 뿌려 밑간한다.
3. 감자는 깨끗이 씻어 5mm 두께 막대모양으로 썬 후 키친 타올로 겉의 물기를 닦아준다. (취향껏 껍질을 벗겨 사용한다.)
4. 20~23cm 냄비에 기름을 10cm 높이가 되도록 붓고 160℃로 가열한다. (튀김옷을 떨어뜨렸을 때 기름중간까지 잠겼다가 떠오르는정도)
5. 썰어놓은 감자 절반을 넣고 5~7분간 익힌 후 체에 밭쳐 기름기를 뺀다. 기름이 수분때문에 바글거리는 게 멈추면 나머지 감자를 넣고 같은 과정을 반복한다. - 익히는 과정
6. 기름이 190℃가 되도록 가열한 후 5의 감자를 다시 넣어 색이 노릇해지도록 튀긴 후 체에 밭쳐 기름을 빼고 가는 소금을 솔솔 뿌려준다.- 노릇하게 색을 내는 과정. (190~200℃는 튀김기름을 떨어뜨렸을 때 바로 기름위로 떠오르는 정도. 연기가 나진 않음)
7. 대구에 튀김옷을 고루 묻히고 기름을 190℃로 가열한다.
8. 대구를 기름에 넣고 뒤집어 주면서 속까지 익고 겉은 노릇해지도록 5~7분간 익힌다. (크기에 따라시간조절)
9. 접시에 감자튀김과 대구 튀김을 얹고 타르타르 소스를 곁들인다. 취향껏 토마토 케첩을 곁들인다.","양식, 튀김, 해물",
32,,쫄면,"쫄.면 면 1인분
오이 50g
콩나물 70g
양배추 50g
당근 25g
깻잎 4~5장
삶은계란 1/2개
고추장듬뿍 (1.5)
고춧가루 (0.5)
현미식초 (3)
설탕 (1.5)
진간장 (0.5)
다진마늘 (0.3)
통깨 (0.5)
환타 (2.5)
참기름 기호껏","1. 면이 하나로 뭉쳐져있기 때문에  떼어주어 준비해주세요
2. 준비한 양배추, 깻잎, 오이, 당근 먹기좋게 채를 썰어주세요.
3. 다진마늘 0.3, 고춧가루 0.5, 설탕 1.5, 통깨 0.5, 식초 3, 진간장 0.5를 넣고 사이다 또는 환타를 2.5스푼씩 넣고 섞어준다
4. 마지막으로 고추장 듬~뿍 1.5넣고 섞어준다
5. ​냄비에 끓이고 있던 물이 끓어오르면 모두 넣어준 뒤 바닥까지 저어주면서 4분간 삶아주세요
6. 곧바로 채반에 넣은 뒤 흐르는 찬물에 뒤섞어주면서 열기를 식혀주고 뽀얀물이 나오지 않을때까지 씻어주세요
7. 준비가 되었으면 먹기좋게 그릇에 맛스럽게 담아주면 됩니다, 모두 넣어주고 중앙에 참기름 한바퀴를 돌려줍니다","한식, 분식, 면, 매콤",
33,,일본식 냉라면,"간장 1큰술
설탕 1큰술
식초 1큰술 반
물 4큰술
참기름 반큰술
너구리라면 스프
고명
달걀 1개
슬라이스햄
맛살(크래미)
새우 조금
토마토 반개
오이 반 개","1. 설당 1큰술, 사과식초 1큰술, 간장 2큰술, 물 4큰술을 넣고 섞어줍니다
2. 너구리 스프를 반개 넣어줍니다
3. 래미와 슬라이스햄을 채 썰고 오이는 꼭지를 제거한 후 4등분 그리고 돌려깎이를 해주어요
4. 토마토는 1/4만 사용하고,  사진대로 잘라줍니다
5. 달걀 하나를 풀고, 소금 조금 넣고 지단을 만들어 줍니다
6. 새우는 끓는 물에 30초 데치고 너구리면도 끓여줍니다, 이후 면은 찬물에 헹굽니다
7. 면을 먼저 접시에 담고 소스를 부어줍니다","일식, 면",
34,,바지락 칼국수,"바지락 300g
칼국수 면 1인분 150g
애호박 1/5개    
당근 1/8개
대파 1/3대
청양고추, 홍고추 취향껏
국간장 2/3 큰 술
다진 마늘 1 작은 술
소금 약간
멸치 다시마 육수 팩 1개
황태머리 1개","1. 스테인리스 냄비나 볼에 재료가 잠길 정도로 물을 자작하게 붓고 소금을 넣고 녹여줍니다 대략 물 1L 기준 소금 2 큰 술 듬뿍으로 넣어줍니다
2.  냉장고 또는 서늘하고 조용한 곳에 넣어 2~3시간 그대로 두고, 해감 후 깨끗하게 문질러 씻어 준비해요
3. 곁들일 야채도 먹기 좋게 썰어요 애호박과 당근은 크게 채 썰고, 고추와 대파는 송송 썰어줍니다
4. 냄비에 물 1L 정도 붓고 멸치 다시마 육수 팩과 황태머리를 넣고 팔팔 끓어오르면 15분 끓여줍니다
5. 육수가 우러나면 건더기는 건져내어 줍니다
6. 육수가 팔팔 끓으면 손질하여둔 바지락을 넣어요
7. 조개가 입을 벌리기 시작하고 보글보글 끓으면 면을 넣어줍니다. 면은 체에 밭쳐 흐르는 물에 가볍게 헹구어 그대로 넣어줍니다.
8. 면과 함께 다진 마늘 1 작은 술과 썰어둔 애호박과 당근을 넣어요
9. 면이 거의 다 익으면 국간장 2/3 큰 술을 넣고 부족한 간은 소금으로 해줍니다
10. 재료가 모두 익으면 고추와 대파를 넣고 마무리해요","한식, 면, 해물",
35,,볶음 우동,"면 1개
양배추나 배추 1장
양파 1/4개
해물믹스 80g
대파나 쪽파 10cm
가쓰오부시 약간 선택
고춧가루 0.5숟가락
다진마늘 1숟가락
굴소스 1숟가락
참치액젓 1숟가락(간장 1숟가락)
맛술 1숟가락
올리고당 1숟가락 ","1. 뜨거운 물에 덩어리를 넣고 젓가락으로 중심부부터 살살 풀어주면 자연스레 풀리는데 이걸 강제로 풀려고  애쓰면 면이 다 끊어져요 열이 가해지면 알아서 부드러워집니다
2. 매콤하게 드시고 싶다면 고추기름을 두르면 되고 혹은 오일에 고춧가루 넣고 볶아 매콤하게 만드셔도 좋아요
3. 식용유 3~4숟가락 두르고 파와 마늘을 넣고 파 마늘 풍미를 내주고 이때 채 썬 양파를 넣고 같이 볶아주세요
4. 양파가 투명해질 때까지 볶다 보면 파 마늘 풍미가 올라올거에요
5. 이때 약간 칼칼하게 먹고 싶다면 고춧가루를 넣고 약불로 가볍게 10초 정도 볶아주면 되는데 고춧가루로 맵기 조절을 합니다
6. 준비한 배추와 해물믹스를 넣어줍니다(없으면 베이컨/소세지)
7. 풀어둔 우동면을 넣고, 굴소스 1숟가락 참치액 1숟가락(진간장이나 양조) 올리고당 1숟가락 
8. 소스가 면에 쏙 배어들도록 중강불로 달달 볶아주세요
9. 계란 프라이 만들고, 완성된 우동 위에 얹습니다","일식, 면, 해물",
36,,오무라이스,"스팸 잘게 다진 것 1/2컵
(베이컨 또는 소시지, 돼지고기 다짐 육 대체 가능)
잘게 다진 양파 1컵
잘게 다진 당근 약간
맛소금 2꼬집
우스터 소스 1숟가락
케첩 4숟가락
버터 2숟가락
후춧가루 약간 
식용유 적당량
오므라이스 만들 때
오므라이스소스 1컵
밥 2컵 
달걀 4개 
케첩 적당량","1. 스팸을 잘게 썰어 약 1/2컵 분량 준비합니다
2. 양파는 잘게 다져서 1컵 분량 준비하면 됩니다 
3. 당근은 약 1/4개 분량 잘게 다져 준비합니다
4. 중불로 달군 프라이팬에 기름은 소량 둘러줍니다  
5. 식용유 소량 둘러서 노릇노릇해지도록 달달 볶아주고요 
6. 이어서 양파와 당근을 넣고 함께 볶아줍니다 채소 재료는 한꺼번에 모두 넣고 볶아도 상관없습니다
7. 볶는 시간은 양파가 갈색빛이 나기 직전까지 볶아주면 됩니다 후춧가루를 넉넉하게 뿌리고, 간은 맛소금 또는 구운 소금 2꼬집 정도 넣어서 간맞춤을 합니다 
8. 재료를 적절하게 볶았으면 프라이팬 한쪽으로 재료들을 모두 밀어 모아주고  팬 빈 공간에는 버터 2숟가락, 케첩 4숟가락, 우스터소스 1숟가락 소스 양념들을 넣어줍니다 
9. 나머지 재료와 섞어가면서 볶아주면 오므라이스 소스 레시피 완성입니다
10. 그릇에 밥 2공기를 담고 미리 만들어 놓은 소스를 모두 넣고  숟가락이나 주걱 등으로 잘 비벼가면서 섞어줍니다 
11. 이렇게 섞은 밥은 밥공기를 준비하여 주걱으로 담아줍니다
12. 중약 불로 예열한 프라이팬에 기름을 두르고 달걀 2개 푼 것을 붓습니다
13. 중약 불로 유지  밥은 뒤집어 가운데 안착시킵니다 
14. 달걀물이 익어 살짝 부풀어 오른다 싶으면  불을 끄고 4면에 있는 달걀을 접어 올려줍니다 
15. 접시를 밥이 있는 공간에 올려놓고  살짝만 눌러 납작하게 만들어 줍니다 그런 다음 그대로 프라이팬을 뒤집어 접시 위에 달걀지단과 밥을 올려줍니다  
16. 마지막으로 케첩을 지그재그로 취향껏 뿌려주면 끝입니다","양식, 밥, 계란",
37,,보쌈,"돼지 목살 800g
된장 2 큰 술
양파 작은 것 2개
(큰 것은 1개만 준비)
대파 1대
사과 1개
통마늘 15쪽
통후추 8알
월계수잎 1~2장
생강술(청주) 2 큰 술","1. 먼저 고기는 키친타월로 핏물을 제거하여 줍니다.
2. 크기가 커서 삶기 좋게 2~3등분 하여 줍니다
3. 된장 2 큰 술 고기에 발라줍니다
4. 사과는 껍질째 깨끗하게 씻은 뒤 씨 부분은 잘라내고 썰어주고 양파는 슬라이스하여 줍니다.
5. 주물 냄비에 양파를 먼저 깔아줍니다 그 위로 사과를 올려줍니다.그 위로 돼지고기를 올려줍니다.
6. 대파와 마늘, 통후추 월계수잎도 올려주어요
7. 생강술(청주) 2 큰 술도 같이 넣어줍니다.
8. 재료의 수분이 나올 수 있도록 먼저 뚜껑을 덮고 중간 센 불로 냄비를 2분 정도 달구어 준 뒤 중약 불로 낮추어 1시간 정도 삶아줍니다
9. 뚜껑을 덮고 끓이다 보면 지글지글 소리가 나면서 재료에서 수분이 나오는 게 느껴져요, 그대로 뚜껑을 덮고 익혀주시면 되어요.
10. 중간에 고르게 익을 수 있도록 고기를 뒤집어 주었어요. 젓가락으로 찔러보았을 때 핏물이 나오지 않으면 잘 삶아진 것이에요
11. 1시간 정도 삶은 뒤 15~20분 정도 뜸을 들여주고 썰어줍니다
12. 먹기 좋게 썰어서 그릇에 담아주면 완성입니다.","한식, 고기, 돼지고기",
38,,팬케이크,"달걀 흰자 1개, 
설탕 1 큰 술, 
노른자 1개, 
소금 1/4 작은 술, 
우유 2 큰 술,
플레인 요거트 1 큰 술, 박력분 2 큰 술, 
베이킹파우더 1/2 작은 술
버터 1조각, 
메이플 시럽 2 큰 술, 
딸기 4알
","1. 우선 흰자에 설탕을 나누어 넣어 가면서 단단한 머랭을 만들어 주세요.
2. 노른자, 소금, 우유, 플레인 요거트를 잘 섞은 후 남은 가루류를 넣어서 가볍게 섞어 주세요.
3. 머랭을 나누어 넣어 가볍게 섞어 주세요. 
4. 팬에 식용유를 두르고 키친타월로 닦아 냅니다. 그리고 반죽을 떠서 올려 주세요.
5. 아주 약불에서 3분, 뒤집어서 3분 가량 구워 주세요.
6. 그릇에 담고 버터와 시럽, 과일을 곁들여 냅니다.

​","양식, 간단, 빵",
39,,코우슬로,"양배추 1/2통(500g), 
당근 1/4개, 
양파 1/4개, 
사과 1/4개(총 220g)
스위트콘 3큰술
홀그레인 머스터드 1큰술, 
설탕 1큰술, 
식초 1큰술,
마요네즈 5큰술, 
후추 약간","1. 양배추 1/2통을 채 썰거나 1cm 크기로 썬다.
2. 잘라둔 양배추는 식초 2큰술을 풀어준 물에 잠시 담가 놓은 다음 물기를 완전히 빼준다.
3. 당근, 양파, 사과를 잘게 다져서 같이 섞어준다.
4. 스위트콘 3큰술을 푹 떠서 같이 넣어준다.
5. 소스 재료들을 넣고 섞어준다.
6. 골고루 잘 섞어준 다음 랩으로 싸서 냉장고에서 2시간 이상 숙성시켜주면 끝.","양식, 간단",
40,,소고기 미역국,"소고기(양지) 1/2컵(100g)
자른미역 1/3컵(10g)
참기름 2큰술(14g)
국간장 3큰술(30g)
물 약7컵(1.3L)
다진마늘 2/3큰술(10g)
멸치액젓 1과1/2큰술(15g)","1. 미역은 물에 불려 준비한다.
2. 냄비에 참기름을 두르고 소고기를 넣어 중약불에서 볶아준다
3. 소고기가 익으면 불린 미역을 넣어 함께 볶아준다
4. 볶아진 미역에 국간장을 넣어 볶고 물을 넣어 끓여준다
5. 물이 끓으면 다진 마늘을 넣어 끓여준다
6. 마지막에 액젓을 이용하여 간을 맞춰 완성한다","한식, 국, 소고기, 고기, 해물",
41,,찹스테이크,"소고기 등심 500g
(추천 부위는 부채살)
양파 1/2 개
노란 파프리카 1/2 개
빨간 파프리카 1/2 개
아스파라거스 4 개
케찹 4 큰 술
스테이크 소스 2 큰 술
A1 소스 2 큰 술
진간장 1 큰 술
설탕 1 큰 술
스리라차 소스 1 큰 술
물 100ml
소금
후추
올리브유
파슬리가루","1. 종이타월을 이용해서 핏물을 꾹꾹 눌러가며 제거해주세요
2. 깍둑깍둑 한 입 크기로 잘라줍니다
3. 소금, 후추는 소량만 넣고 오일은 3 큰 술 정도 넉넉하게 둘러서 손으로 조물조물해준 다음,다른 야채들을 손질하는 동안 그대로 두면 된답니다.
4. 양파, 파프리카는 모두 깍둑썰기로 사방 2.5~3cm  정도 크기로 잘라주었고 아스파라거스 먹기 좋은 크기로 잘라줍니다
5. 통마늘을 세척 후 물기는 종이타월로 잘 제거해 주고요 옆면을 이용해서 꾹 눌러줍니다
6. 케찹, 스테이크 소스, A1 소스, 설탕,  스리라차 소스, 진간장, 물을 골고루  잘 섞어줍니다.
7. 웍에 오일을 넉넉히 3~4 큰 술 둘러주고 마늘을 먼저 볶아주세요 중불에서 빠르게 저어주어야 마늘이 타지 않고 향긋한 풍미를 내준답니다
8. 마늘이 살짝 익기 시작하면 고기를 넣어주세요
9. 고기가 다 익으면 따로 빼서 뚜껑 덮어 레스팅 해주고 대기합니다
10. 고기 볶은 팬에 그대로 오일 살짝 두르고 야채를 넣고 볶아줍니다 소금, 후추 살짝 뿌려서 볶아야 더 맛있어요
11. 만들어둔 소스를 부고 보글보글 끓여줍니다
12. 고기도 함께 넣고 볶으면서 적당히 쫄으면 완성입니다","양식, 고기, 소고기, 달콤",
42,,계란찜,"계란3개, 
연두부1팩(90g), 
다시마육수 80ml, 
새우젓국물1큰술 
소금 1작은술, 
다진마늘1작은술, 
파프리카약간 쪽파 1줄, 참기름 1/2작은술, ","1. 계란과 연두부를 차퍼에 담아 살살 돌려 섞어준다 
2. 참기름을 0,5 큰 술 계란찜냄비에 골고루 발라주면 계란비린내도 잡아주고 바닥에 눌어붙는 것도 줄여준다
3. 참기름 코팅을 해 놓은 계란찜냄비에 다시마 육수와 새우젓 국물을 넣어 바글바글 끓여준다
4. 계란찜물비율은 계란의 무게를 감안해서 계란 1: 물 0,5의 기본비율을 정해놓고 넣어준다
5. 끓는 물에 계란과 연두부 풀어놓은 것을 살그머니 붓고 중강 불 화력으로 올려 연두부와 계란이 몽글몽글 응고가 되는 동안 젓지 말고 기다린다
6. 계란찜냄비 바닥을 저어주면서 몽글몽글 익어가는 재료를 섞어준다 연두부와 계란이 응고되면  새우젓만으로 부족한 간을 소금을 더해주고 쪽파, 마늘, 파프리카를 넣고 재료를 섞어 불을 약불로 줄여 준다
7. 뚜껑을 덮어 약불에서 2!~ 3분 뜸을 들여주면 완성이다","한식, 계란",
43,,두부유부초밥,"유부피 14장
두부 300g (1모)
유부초밥 소스 1T
김밥용 단무지 2줄
참기름 1T","1. 먼저 두부 1모와 유부피 14장 그리고 김밥용 단무지 2줄을 준비하신 다음 유부피를 가볍게 짜서 조미액을 어느 정도 제거해 주시기 바랍니다.
2. 메인 재료인 두부를 면보 또는 삼베주머니에 넣은 다음  꼭 짜서 수분을 제거해 주세요
3. 김밥용 단무지는 우선 절반으로 길게 잘라서 두께를 줄여주신 다음 이를 다시 작은 크기로 잘라주세요.
4. 시판용 유부초밥 소스 1T와 조미볶음 스프, 참기름 1T를 수분을 제거한 두부에 넣어주신다음 앞서 작게 잘라두었던 단무지까지 첨가하여 각 재료들이 골고루 섞이도록 잘 버무려주세요
5. 조미액을 어느 정도 짜낸 유부피에 앞서 만들어둔 양념 두부를 적당량 채워서 두부 유부초밥을 완성해 주세요.
6. 완성된 요리를 적당한 크기의 접시에 빙 두르듯이 올려주면 완성입니다
​","김밥, 밥, 일식, 분식",
44,,에그인핼,"토마토소스 1.5컵
토마토 1개 (113g)
양파 1/4개 (80g)
파프리카 1/2개 (55g)
비엔나 소시지 4~5개
대파 1/3대
마늘 4톨
계란 2개
우유 100ml
슬라이스치즈 1장
파슬리가루 약간
버터 1T","1.  마늘은 개당 3~4조각이 되도록 편으로 자르고 양파와 파프리카, 토마토는 적당한 크기로 잘라서 준비해 주세요
2. 적당한 크기의 팬이나 냄비에 버터 1T를 먼저 녹여주신 다음 편으로 잘라준 마늘을 먼저 넣고 중불 정도의 세기로 볶아서 마늘에 버터의 풍미를 입혀주세요.
3. 마늘이 노릇노릇할 정도로 볶아지면 손질해둔 대파와 양파를 함께 넣고 위 2장의 사진 중 우측 사진처럼 양파가 절반 정도 익을 때까지 볶아주세요
4. 양파가 절반 정도 익었을 때 소시지와 토마토, 파프리카를 함께 넣고 우측 사진 정도로 파프리카가 살짝 익을 때까지 볶아주시기 바랍니다
5. 파프리카가 어느 정도 익으면 우유 100ml와 토마토소스 1.5컵을 부어주신 다음 불의 세기를 센불로 조절하여 각 재료들을 골고루 섞어가면서 재료들이 다 익을 때까지 끓여주세요
6. 재료들이 모두 익으면 바닥에 눌어붙지 않도록 불의 세기를 중약불로 줄이고 계란 2개를 어느 정도 간격을 띄어서 넣어주신 다음 슬라이스치즈를 4등분하여 3~4조각을 듬성듬성 올려주시기 바랍니다
7. 요리가 완성되면 단조로운 색감을 보완해주기 위해 바질잎을 2~3장 정도 올려서 마무리 해주세요","이색, 양식, 달콤, 계란",
45,,감자샐러드,"감자 280g
다진 당근 2T
다진 양파 3T
비엔나 소시지 3개
마요네즈 4~5T
머스타드소스 1T
꿀 또는 올리고당 1T
후춧가루 약간","1. 메인 재료인 감자의 껍질을 깎아내고 삶을 때 좀 더 빠르게 익을 수 있도록 1cm 정도의 두께로 자른 후 물에 담가두어서 전분기를 빼내거나 2번 정도 흐르는 물로 헹궈서 표면의 전분기를 제거해 주세요.
2. 적당한 크기로 잘라서 전분기를 살짝 제거해준 감자를 냄비에 넣고 절반 정도 잠길 만큼 물을 채워서 센불로 가열하다가 물이 끓기 시작하면 불의 세기를 중불 정도로 줄인 다음 감자가 다 익을 때까지 12분정도 끓여주세요
3. 감자를 삶는 시간 동안 채 썬 양파를 5분 정도 물에 담가두어서 매운맛을 제거해 주신 다음 작은 크기로 다지듯이 잘라주시고 파프리카와 소시지도 비슷한 크기로 잘라주시기 바랍니다
4. 식용유를 적당히 두른 팬에 작은 크기로 잘라준 양파, 당근, 소시지를 함께 넣고 살짝 볶아서 풍미를 살려주세요
5. 감자가 다 익으면 뜨거운 상태일 때 곧바로 포테이토 매셔나 숟가락 등을 활용하여 위의 사진처럼 으깨주세요
6. 곱게 으깬 감자에 볶은 재료와 파프리카를 첨가해주신 다음 마요네즈 4~5T, 꿀 또는 올리고당 1T, 머스타드소스 1T, 약간의 후춧가루를 함께 넣고 골고루 버무려서 샐러드를 완성해 주세요
7. 완성된 요리를 적당한 크기의 그릇에 옮겨 담은 후 파슬리가루를 살짝 뿌려서 마무리 해주세요","샐러드, 다이어트",
46,,오삼불고기,"삼겹살 250g
오징어 2마리 (200g)
양파 1/2개 (100g)
대파 1/2대
설탕 1.5T
참기름 1T
통깨 약간
양념 재료
다진 마늘 1T
맛술 3T
양조간장 3T
액젓 1T","1. 오징어의 질긴 식감을 내는 껍질 부분을 먼저 벗겨내 주세요
2. 껍질을 제거하신 후에는 껍질이 붙어 있던 부분의 반대편에 사선으로 교차하듯이 엑스자로 칼집을 넣어주신 다음 먹기 좋은 크기가 되도록 1.5cm 정도의 폭으로 잘라서 적당한 크기의 그릇에 담아주세요
3. 먹기 좋은 크기로 자른 오징어에 설탕을 1.5T정도 첨가한 다음 골고루 버무려서 오징어와 설탕을 잘 섞어주세요
4. 설탕으로 버무린 오징어에 양념이 배는 시간 동안 함께 볶아줄 향신 채소들을 손질해 주시면 되는데요 양파는 나중에 오징어와 함께 양념장으로 버무렸을 때 양파즙이 잘 빠져나올 수 있도록 비교적 얇게 채 썰고 대파는 작은 크기의 둥근 형태로 잘라서 준비해 주세요
5. 오징어에 손질해준 대파, 양파, 다진 마늘을 첨가해주신 다음 맛술 3T, 양조간장 3T, 액젓 1T, 고춧가루 3T, 약간의 후춧가루를 섞은 양념장을 넣고 골고루 버무려주세요
6. 삼겹살을 250g 정도 준비하신 다음 먹기 좋은 크기로 잘라주세요
7. 기름을 두르지 않은 팬에 먹기 좋은 크기로 자른 삼겹살을 넣고 우측 사진 정도로 노릇하게 완전히 익을 때까지 중불 이상의 세기로 구워주시기 바랍니다
8. 삼겹살이 완전히 익으면 양념 재료들과 향신 채소로 버무려두었던 오징어를 첨가해주신 다음 오징어가 익으면서 돼지고기에도 양념이 골고루 밸 수 있도록 잘 섞어가면서 볶아주세요
9. 오징어가 적당하게 볶아지면 불을 끈 다음 참기름 1T를 첨가하여 고소한 풍미가 잘 퍼질 수 있도록 골고루 섞어주세요
10. 완성된 요리를 적당한 크기의 접시에 옮겨 담은 후 통깨를 살짝 뿌려서 마무리 해주세요","한식, 매콤, 고기, 돼지고기, 해물",
47,,크림리조또,"밥 2/3공기
베이컨 2줄
칵테일새우 4마리
양파 1/4개
식용유 1T
표고버섯 1~2개
생크림 100ml
우유 130ml
치킨스톡 1/4T
후춧가루 약간
","1. 요리에 첨가해줄 부재료들을 손질하실 때 베이컨은 위의 사진처럼 폭이 1~1.2cm 정도가 되도록 자르고 표고버섯은 일정한 두께의 편으로 잘라서 준비해 주세요
2. 식용유를 두르지 않은 팬에 베이컨부터 올려서  설짝 익은 부분이 보일때까지 구워주세요
3. 베이컨이 어느 정도 볶아지면 손질해둔 표고버섯과 양파, 칵테일새우를 함께 넣고 식용유 1T를 첨가하여 양파와 버섯이 절반 정도 익을 때까지 볶아주시기 바랍니다
4. 양파와 표고버섯이 절반 이상 익으면 밥 2/3공기 정도를 넣고 잘 섞어서 밥을 풀어주세요
5. 밥이 어느 정도 풀어지면 우유 130ml와 생크림 100ml, 치킨스톡 1/4T를 첨가하여 자작해질 때까지 끓여주세요
6.  크림소스가 어느 정도 조려져서 밥알이 커지고 죽보다 좀 더 꾸덕해지면 불을 꺼주세요
7. 리조또가 완성되면 적당한 크기의 그릇에 옮겨 담은 후 파슬리 가루를 뿌려주세요","양식, 밥, 해물, 크림",
48,,마파두부,"두부 1모 (300g)
다진 돼지고기 100g
전분물 (감자전분 1T + 물 2T)
양파 1/4개
대파 1/2대
다진 마늘 1T
물 1컵 (200ml)
식용유 3T
양조간장 1T
맛술 1T
후춧가루 약간
굴소스 1T
설탕 1T
고춧가루 1.5T
두반장 2T","1.  양파와 대파는 적당한 크기로 자르고 마늘은 다져주세요
2. 돼지고기는 작게 다지거나 다짐육으로 100g 정도 준비하여 양조간장 1T, 맛술 1T, 약간의 후춧가루를 첨가해주신 다음 골고루 섞어서 밑간을 해주세요
3. 밑간해둔 양념이 돼지고기에 배는 시간동안 두부를 손질해 주시면 되는데요 두부를 1.5~2cm 정도의 크기로 잘라주신 다음 끓는 물에 넣고 살짝 데친 후 체로 밭쳐두어서 남은 물기를 제거해 주세요. 
4. 적당한 크기의 용기에 두반장 2T, 굴소스 1T, 고춧가루 1.5T, 설탕 1T를 함께 넣고 골고루 섞어서 양념장을 만들어 주세요
5. 마파두부를 만들기 위한 재료들이 모두 준비되면 식용유 3T를 두른 팬에 작은 크기로 잘라준 대파와 다진 마늘을 먼저 넣고 중불 이상의 세기로 볶아서 기름에 파와 마늘의 풍미를 입혀주세요
6. 파와 마늘이 노릇해질 정도로 볶아지면 밑간해둔 다진 돼지고기를 넣고  고기가 절반 가량 익을 때까지 중불 정도의 세기로 볶아주세요
7. 고기가 절반 정도 익으면 다진 양파를 넣어주신 다음 돼지고기가 완전히 익을 때까지 볶아주시기 바랍니다
8. 고기가 완전히 익으면 미리 만들어 둔 양념장을 넣고 물 200ml를 부어주신 다음 불의 세기를 중강불 정도로 조절하여 3~4분 정도 보글보글 끓여주세요.
9. 중강불로 어느 정도 끓여서 감자전분 1T와 물 2T를 혼합한 전분물을 넣고 소스가 걸쭉해질 때까지 끓여주시기 바랍니다
10. 전분으로 인해 소스가 걸쭉한 상태가 되면 데쳐서 물기를 제거해준 두부를 첨가해주신 다음 소스에 버무리듯이 섞어가면서 양념을 입혀주세요
11. 요리가 완성되면 적당한 크기의 접시에 옮겨 담은 후 작은 크기로 다져준 쪽파나 대파를 살짝 올려서 마무리 해주세요","중식, 매콤, 고기, 돼지고기",
49,,양배추 셀러드,"양배추 120g
당근 1/7개
적색 파프리카 1/4개
양패 1/4개
마요네즈 4T
설탕 1T
레몬즙 2/3T
소금 1꼬집 (선택)
흰 후춧가루 약간
식초 1T
설탕 1/2T
소금 2꼬집","1. 깨끗이 세척한 양배추를 탕 1/2T, 식초 1T, 소금 2꼬집 정도를 넣고 골고루 버무려서 10~15분 정도 절여주세요
2. 10~15분 정도 절여준 양배추를 3~4번 정도 헹궈낸 다음 체로 밭쳐두어서 표면에 남은 물기를 제거해 주세요
3, 양배추가 준비되면 적색 파프리카, 당근, 양파도 위의 사진처럼 작은 크기로 잘라서 함께 준비해 주시기 바랍니다
4. 손질해둔 양배추, 당근, 양파, 파프리카를 적당한 크기의 볼에 넣고 설탕 1T, 마요네즈 4T, 레몬즙 2/3T, 약간의 흰 후춧가루를 첨가하여 골고구 버무려서 샐러드를 완성해 주세요
5. 샐러드가 완성되면 2시간 정도 냉장고에 넣어두어서 차게 식힌 다음 적당한 크기의 샐러드 용기에 담은 후 파슬리 가루를 살짝 뿌려서 마무리 해주시면 됩니다","샐러드, 다이어트",
50,,김치날치알밥,"밥 1공기
잘 익은 김치 2줌
김밥용 단무지 2줄
오이 1/5~1/6개
맛살 또는 크랩 1줄
날치알 1팩 (30g)
조미김 1개 (선택)
무순 약간
참기름 1.5T","1. 메인 재료인 날치알의 비린내를 제거해 주기 위해 맛술이나 청주를 2T 정도 풀어준 물에 5분 정도 담가두었다가 꺼낸 다음 체로 밭쳐서 남은 물기를 제거해 주세요
2. 무순은 가열하지 않고 생으로 섭취하는 야채라 적절한 소독과 세척이 필요하므로 식초 물에 5분 정도 담가두었다가 꺼내서 흐르는 물로 식초 물을 씻어낸 다음 요리에 사용해 주시기 바랍니다
3. 단무지와 맛살, 씨 부분을 제거해준 오이를 알밥이라는 메뉴에 잘 어울리도록 작은 크기로 잘라주세요
4. 무쇠팬이나 돌솥, 뚝배기처럼 두께가 두꺼운 용기의 바닥면에 참기름 1~1.5T를 골고루 발라주신 다음 가열할 때 참기름의 고소한 풍미가 열에 의해 휘발되지 않도록 밥 1공기를 우측 사진처럼 넓게 펼쳐서 덮어주세요
5. 적당한 크기로 잘라둔 김치, 맛살, 오이, 단무지 등의 재료들을 팬의 테두리를 따라 빙 둘러서 세팅해 주신 다음 가운데 부분에 날치알을 올리고 그 옆에 무순을 배치하여 마무리 해주세요
6. 재료들의 세팅이 완료되면 냄비나 무쇠팬의 뚜껑을 닫고 불의 세기를 약불로 조절하여 약 5분 정도 은은하게 팬을 달궈주어서 밥알이 바닥에 살짝 노릇하게 눌어 붙도록 해주신 다음 재료를 섞어 먹으면 됩니다","밥, 일식, 볶음밥, 김치, 해물",
51,,슈니첼,"돼지고기 등심, 
올리브유, 
소금, 
후추, 
달걀,
빵가루, 
밀가루, 
파마산치즈가루","1. 슈니첼은 얇게 튀겨내는 돈까스 이기 때문에 칼등이나 망치로 열심히 두들겨펴줍니다
2. 올리브유로 가볍게 바르고, 소금과 후추로 밑간 들어갑니다
3. 밀가루를 묻혀주고, 계란 푼 물에 담군 다음, 빵가루를 묻혀줍니다
4. 오일을 살짝 뿌려주고 에어프라이어 190도 12분 정도 구워줍니다
5. 레몬즙을 살짝 뿌려주면 완성입니다","고기, 돼지고기, 양식, 이색, 튀김",
52,,슈바인학센,"돼지고기 쫄대기(정강이 하나), 
흑맥주(1.5 리터)
양파, 
사과, 
당근, 
마늘, 
소금
월계수잎","1. 쫄대기 찬물에 담그고 3~4시간 두어 핏물을 빼줍니다
2. 칼로 긁으면서 껍질 잔털 제거합니다
3. 끓는 물 준비하여 5분 정도 삶으며 핏물 및 잡내 제거합니다
4. 5분 삶은 족발 찬물에 깨끗이 씻고 충분히 잠길 수 있는 냄비 준비합니다
5. 준비한 당근, 양파, 사과, 당근을 물 1리터와 함께 족발에 넣어줍니다
6. 흑맥주 1리터를 넣고 강불로 시작하여 끓기 시작하면 뚜겅 덮고 약불로 바꿔준후, 3시간 끓인 후 꺼내줍니다
7. 껍질에 칼집말고 살짝 구멍만 내고 껍질에 소금 충분히 뿌리고 오일 전체적으로 발라주고 210도 오븐 예열 합니다
8. 오븐에 25분동안 구워줍니다. 껍질을 더 바삭하게 먹고싶다면 추가로 오븐에 구워줍니다","고기, 돼지고기, 양식, 이색",
